"","version","created","hash","algorithm"
"1","20220729T152450Z-66c7d",2022-07-29 16:24:00,"66c7d","cars_lr"
"2","20220729T152455Z-66c7d",2022-07-29 16:24:00,"66c7d","cars_lr"
"3","20220729T152456Z-66c7d",2022-07-29 16:24:00,"66c7d","cars_lr"
"4","20220729T152457Z-66c7d",2022-07-29 16:24:00,"66c7d","cars_lr"
"5","20220729T152500Z-66c7d",2022-07-29 16:25:00,"66c7d","cars_lr"
"6","20220729T152450Z-66c7d",2022-07-29 16:24:00,"66c7d","cars_rf"
"7","20220729T152455Z-66c7d",2022-07-29 16:24:00,"66c7d","cars_rf"
"8","20220729T152456Z-66c7d",2022-07-29 16:24:00,"66c7d","cars_rf"
"9","20220729T152457Z-66c7d",2022-07-29 16:24:00,"66c7d","cars_rf"
"10","20220729T152500Z-66c7d",2022-07-29 16:25:00,"66c7d","cars_rf"
